<?xml version="1.0.1" encoding="UTF-8"?>
<addon id="plugin.video.miotv" name="MIOtv" version="1.9.8" provider-name="MIOtv">
  <requires>
     <import addon="xbmc.python" version="2.1.0"/>
  </requires>
  <extension point="xbmc.python.pluginsource" library="init.py">
        <provides>video</provides>
  </extension>
  <extension point="xbmc.addon.metadata">
    <summary lang="en"></summary>
    <website></website>
    <description lang="en">SOPORTE IPTV PARA EL MUNDO</description>
    <forum></forum>
    <email></email>
    <disclaimer lang="es">SOPORTE IPTV PARA EL MUNDO</disclaimer>
    <platform>all</platform>
  </extension>
</addon>
