<settings>
<category label="Portal MIOtv">
     <setting label="Portal MIOtv" type="lsep" />
     <setting id="xtvmaster" type="bool" label="Activar Acceso" default="false"/>
     <setting id="miotvusername" type="text" label="Username" enable="eq(-1,true)" default=""/>
     <setting id="miotvpass" type="text" option="writeable,hidden" label="Password" enable="eq(-2,true)" default=""/>
</category>

<category label="Control Paternal">
	<setting label="Control Paternal " type="lsep" />
    <setting id="morros" type="bool" label="Activar o desactivar contenido adulto" default="false"/>
</category>

<category label="Other Settings">
	 <setting id="uuendused" type="bool" label="Check updates at startup?"value="true"/>
	 <setting id="improve" type="bool" label="Use Advanced Settings?"value="false"/>
	 <setting id="vanemalukk" type="bool" label="Parental lock?"value="true"/>
	 <setting id="vanemakood" type="text" option="writeable,hidden" label="Parental code" default="1234"/>
</category>
</settings>




<category label="CONTROL PATERNAL">
	<setting label="Control Paternal " type="lsep" />
    <setting id="morros" type="bool" label="Activar o desactivar contenido adulto" default="false"/>
</category>